{
  "llama3.2:latest": {
    "model": "llama3.2:latest",
    "warm_up_time": 3.7171459197998047,
    "avg_token_rate": 24.1785901293208,
    "avg_response_time": 7.166021347045898,
    "successful_tests": 3
  },
  "llama3.1:8b": {
    "model": "llama3.1:8b",
    "warm_up_time": 9.655412673950195,
    "avg_token_rate": 5.73924947682088,
    "avg_response_time": 47.67880113919576,
    "successful_tests": 3
  },
  "smollm2:latest": {
    "model": "smollm2:latest",
    "warm_up_time": 2.765730857849121,
    "avg_token_rate": 34.20284450242836,
    "avg_response_time": 6.506317377090454,
    "successful_tests": 3
  },
  "gemma3:latest": {
    "model": "gemma3:latest",
    "warm_up_time": 8.283150911331177,
    "avg_token_rate": 12.245183785240092,
    "avg_response_time": 41.44122791290283,
    "successful_tests": 3
  },
  "mxbai-embed-large:latest": {
    "model": "mxbai-embed-large:latest",
    "warm_up_time": 7.1008007526397705,
    "avg_response_time": 0.033535401026407875,
    "embeddings_per_second": 29.819234879956777,
    "dimensions": 1024
  },
  "bge-m3:latest": {
    "model": "bge-m3:latest",
    "warm_up_time": 2.321897268295288,
    "avg_response_time": 0.1509401798248291,
    "embeddings_per_second": 6.6251411728840655,
    "dimensions": 1024
  },
  "embeddinggemma:latest": {
    "model": "embeddinggemma:latest",
    "warm_up_time": 13.423685073852539,
    "avg_response_time": 0.12502447764078775,
    "embeddings_per_second": 7.998433737696832,
    "dimensions": 768
  },
  "nomic-embed-text:latest": {
    "model": "nomic-embed-text:latest",
    "warm_up_time": 6.695698261260986,
    "avg_response_time": 0.02158490816752116,
    "embeddings_per_second": 46.32866594747442,
    "dimensions": 768
  }
}